"1","Customer_1","0812300001","customer1@email.com"
"2","Customer_2","0812300002","customer2@email.com"
"3","Customer_3","0812300003","customer3@email.com"
"4","Customer_4","0812300004","customer4@email.com"
"5","Customer_5","0812300005","customer5@email.com"
"6","Customer_6","0812300006","customer6@email.com"
"7","Customer_7","0812300007","customer7@email.com"
"8","Customer_8","0812300008","customer8@email.com"
"9","Customer_9","0812300009","customer9@email.com"
"10","Customer_10","0812300010","customer10@email.com"
"11","Customer_11","0812300011","customer11@email.com"
"12","Customer_12","0812300012","customer12@email.com"
"13","Customer_13","0812300013","customer13@email.com"
"14","Customer_14","0812300014","customer14@email.com"
"15","Customer_15","0812300015","customer15@email.com"
"16","Customer_16","0812300016","customer16@email.com"
"17","Customer_17","0812300017","customer17@email.com"
"18","Customer_18","0812300018","customer18@email.com"
"19","Customer_19","0812300019","customer19@email.com"
"20","Customer_20","0812300020","customer20@email.com"
"21","Customer_21","0812300021","customer21@email.com"
"22","Customer_22","0812300022","customer22@email.com"
"23","Customer_23","0812300023","customer23@email.com"
"24","Customer_24","0812300024","customer24@email.com"
"25","Customer_25","0812300025","customer25@email.com"
"26","Customer_26","0812300026","customer26@email.com"
"27","Customer_27","0812300027","customer27@email.com"
"28","Customer_28","0812300028","customer28@email.com"
"29","Customer_29","0812300029","customer29@email.com"
"30","Customer_30","0812300030","customer30@email.com"
"31","Customer_31","0812300031","customer31@email.com"
"32","Customer_32","0812300032","customer32@email.com"
"33","Customer_33","0812300033","customer33@email.com"
"34","Customer_34","0812300034","customer34@email.com"
"35","Customer_35","0812300035","customer35@email.com"
"36","Customer_36","0812300036","customer36@email.com"
"37","Customer_37","0812300037","customer37@email.com"
"38","Customer_38","0812300038","customer38@email.com"
"39","Customer_39","0812300039","customer39@email.com"
"40","Customer_40","0812300040","customer40@email.com"
"41","Customer_41","0812300041","customer41@email.com"
"42","Customer_42","0812300042","customer42@email.com"
"43","Customer_43","0812300043","customer43@email.com"
"44","Customer_44","0812300044","customer44@email.com"
"45","Customer_45","0812300045","customer45@email.com"
"46","Customer_46","0812300046","customer46@email.com"
"47","Customer_47","0812300047","customer47@email.com"
"48","Customer_48","0812300048","customer48@email.com"
"49","Customer_49","0812300049","customer49@email.com"
"50","Customer_50","0812300050","customer50@email.com"
"64","Ahmad","081111111111","ahmad@email.com"
"65","Rina","082222222222","rina@email.com"
"66","Dedi","083333333333","dedi@email.com"
"67","Customer_1","0812300001","customer1@email.com"
"68","Customer_2","0812300002","customer2@email.com"
"69","Customer_3","0812300003","customer3@email.com"
"70","Customer_4","0812300004","customer4@email.com"
"71","Customer_5","0812300005","customer5@email.com"
"72","Customer_6","0812300006","customer6@email.com"
"73","Customer_7","0812300007","customer7@email.com"
"74","Customer_8","0812300008","customer8@email.com"
"75","Customer_9","0812300009","customer9@email.com"
"76","Customer_10","0812300010","customer10@email.com"
"77","Customer_11","0812300011","customer11@email.com"
"78","Customer_12","0812300012","customer12@email.com"
"79","Customer_13","0812300013","customer13@email.com"
"80","Customer_14","0812300014","customer14@email.com"
"81","Customer_15","0812300015","customer15@email.com"
"82","Customer_16","0812300016","customer16@email.com"
"83","Customer_17","0812300017","customer17@email.com"
"84","Customer_18","0812300018","customer18@email.com"
"85","Customer_19","0812300019","customer19@email.com"
"86","Customer_20","0812300020","customer20@email.com"
"87","Customer_21","0812300021","customer21@email.com"
"88","Customer_22","0812300022","customer22@email.com"
"89","Customer_23","0812300023","customer23@email.com"
"90","Customer_24","0812300024","customer24@email.com"
"91","Customer_25","0812300025","customer25@email.com"
"92","Customer_26","0812300026","customer26@email.com"
"93","Customer_27","0812300027","customer27@email.com"
"94","Customer_28","0812300028","customer28@email.com"
"95","Customer_29","0812300029","customer29@email.com"
"96","Customer_30","0812300030","customer30@email.com"
"97","Customer_31","0812300031","customer31@email.com"
"98","Customer_32","0812300032","customer32@email.com"
"99","Customer_33","0812300033","customer33@email.com"
"100","Customer_34","0812300034","customer34@email.com"
"101","Customer_35","0812300035","customer35@email.com"
"102","Customer_36","0812300036","customer36@email.com"
"103","Customer_37","0812300037","customer37@email.com"
"104","Customer_38","0812300038","customer38@email.com"
"105","Customer_39","0812300039","customer39@email.com"
"106","Customer_40","0812300040","customer40@email.com"
"107","Customer_41","0812300041","customer41@email.com"
"108","Customer_42","0812300042","customer42@email.com"
"109","Customer_43","0812300043","customer43@email.com"
"110","Customer_44","0812300044","customer44@email.com"
"111","Customer_45","0812300045","customer45@email.com"
"112","Customer_46","0812300046","customer46@email.com"
"113","Customer_47","0812300047","customer47@email.com"
"114","Customer_48","0812300048","customer48@email.com"
"115","Customer_49","0812300049","customer49@email.com"
"116","Customer_50","0812300050","customer50@email.com"
